,product name
0,Hindustan Aeron
1,Cochin Shipyard
2,Bharat Electronics
3,Interglobe Aviation
4,Rail Vikas Nigam
5,Mazagon Dock Ship
6,Power Finance Corp
7,Bharat Dynamics
8,Garden Reach Ship
9,Adani Enterprises
10,SBI
11,Biocon
12,Finolex Cables
13,Ashok Leyland
14,Bharti Airtel
15,Brightcom Group
16,Emmforce Autotech
17,SpiceJet
18,Lancer Container
19,Veranda Learning Sln
20,Sai Swami Metals
21,Piotex Industries
22,Varyaa Creations
23,Ramdevbaba Solvent
24,Aztec Fluids & Mach
25,Novartis
26,Amkay Products
27,Chemcrux Enterprises
28,Wardwizard Foods&Bev
29,Megastar Foods
30,Johnson Controls
31,Aegis Logistics
32,Finolex Cables
33,Micropro Software
34,Som Distilleries
35,Vinyas Innova Techno
36,Paras Defence &Space
37,Crop Life Science
38,Prakash Pipes
39,Real Touch
40,Baheti Recycling Ind
41,MCON Rasayan India
42,DRC Systems India
43,Inox Wind
44,United Polyfab Guj.
45,Precision Camshafts
46,Vishnusurya Projects
47,Kesar Terminal&Infra
48,Mahalaxmi Rubtech
49,Sikko Industries
50,Om Infra
51,Fiberweb India
52,Dynamatic Tech
53,Mazda
54,Talbros Auto Compont
55,Faze Three
56,Ashima
57,Rico Auto Inds
58,Exxaro Tiles
59,Veranda Learning Sln
